<?xml version="1.0" encoding="UTF-8"?><metadata>
    <idinfo>
        <citation>
            <citeinfo>
                <origin/>
                <title>Bike Routes - SCAG Region</title>
                <onlink>https://maps.scag.ca.gov/scaggis/rest/services/OpenData/BikeRoutelinescag/MapServer/0</onlink>
            </citeinfo>
        </citation>
        <descript>
            <abstract>The Southern California Regional Bikeway Shapefile (RBS) has been compiled in coordination with each of the six County Transportation Commissions (Imperial, Orange, Los Angeles, Riverside, San Bernardino, and Ventura). SCAG has developed standard data fields using existing fields from each county and others identified by stakeholders and consultants. The RBS includes both existing and proposed facilities and was compiled by SCAG from shapefiles provided by each county transportation commission. Commissions use different strategies for compiling their files so some counties may be more up to date and contain different amounts of data than others. Through the RBS, SCAG aims to provide a standard to streamline future bikeway data collection throughout the region. Each bikeway is described and classified based on definitions established by the California Highway Design Manual and SCAG. Data source. The RBS was compiled in coordination with each of the six SCAG region County Transportation Commissions (Imperial, Orange, Los Angeles, Riverside, San Bernardino, and Ventura). Shapefiles were provided by county transportation commissions and formatted by SCAG.</abstract>
            <purpose>The Regional Bikeway Shapefile includes both existing and proposed facilities and was compiled by SCAG from shapefiles provided by each county transportation commission.</purpose>
        </descript>
        <keywords>
            <theme>
                <themekt>None</themekt>
                <themekey>Bike Routes</themekey>
                <themekey>Transit</themekey>
                <themekey>Modified by SCAG</themekey>
            </theme>
        </keywords>
        <accconst>Other Constraints</accconst>
        <useconst>None</useconst>
        <ptcontac>
            <cntinfo>
                <cntorgp>
                    <cntorg>SCAG</cntorg>
                </cntorgp>
            </cntinfo>
        </ptcontac>
        <datacred>SCAG</datacred>
    </idinfo>
    <metainfo>
        <metd>20210318</metd>
        <metc>
            <cntinfo>
                <!--no contact person or organization name available-->
            </cntinfo>
        </metc>
        <metstdn>FGDC Content Standard for Digital Geospatial Metadata</metstdn>
        <metstdv>FGDC-STD-001-1998</metstdv>
        <mettc>local time</mettc>
    </metainfo>
</metadata>
